"ID";"Year";"LocationAbbr";"LocationDesc";"Class";"Topic";"Indicator";"Response";"DataSource";"Data_Value_Unit";"Data_Value_Type";"Data_Value";"Data_Value_Footnote_Symbol";"Data_Value_Footnote";"Low_Confidence_Limit";"High_Confidence_Limit";"Sample_Size";"Stratification";"StratificationType";"IndicatorId";"LocationOrder";"ParentStateDisplayOrder";"FootnoteType";"FootNoteSymbol";"FootnoteText";"URL";"DatasourceAbbr";"Agency"
"638382";"2005";"AL";"Alabama";"Chronic Health Indicators";"Diabetes";"Have you ever been told by a doctor that you have diabetes?";"Yes";"BRFSS";"%";"Crude Prevalence";"17.5";"";"";"13.4";"21.6";"93";"Less than $15,000";"Household Income";"DIABETE2";"3";"3";"";"";"";"";"";""
"638383";"2005";"AL";"Alabama";"Chronic Health Indicators";"Diabetes";"Have you ever been told by a doctor that you have diabetes?";"Yes";"BRFSS";"%";"Crude Prevalence";"12.3";"";"";"9.1";"15.5";"71";"$15,000-$24,999";"Household Income";"DIABETE2";"3";"3";"";"";"";"";"";""
"638384";"2005";"AL";"Alabama";"Chronic Health Indicators";"Diabetes";"Have you ever been told by a doctor that you have diabetes?";"Yes";"BRFSS";"%";"Crude Prevalence";"7.6";"";"";"4.9";"10.3";"37";"$25,000-$34,999";"Household Income";"DIABETE2";"3";"3";"";"";"";"";"";""
"638385";"2005";"AL";"Alabama";"Chronic Health Indicators";"Diabetes";"Have you ever been told by a doctor that you have diabetes?";"Yes";"BRFSS";"%";"Crude Prevalence";"9.5";"";"";"6.4";"12.6";"45";"$35,000-$49,999";"Household Income";"DIABETE2";"3";"3";"";"";"";"";"";""
"638386";"2005";"AL";"Alabama";"Chronic Health Indicators";"Diabetes";"Have you ever been told by a doctor that you have diabetes?";"Yes";"BRFSS";"%";"Crude Prevalence";"5.4";"";"";"3.9";"6.9";"59";"$50,000+";"Household Income";"DIABETE2";"3";"3";"";"";"";"";"";""
"641402";"2005";"AK";"Alaska";"Chronic Health Indicators";"Diabetes";"Have you ever been told by a doctor that you have diabetes?";"Yes";"BRFSS";"%";"Crude Prevalence";"7.3";"";"";"2.8";"11.8";"30";"Less than $15,000";"Household Income";"DIABETE2";"4";"4";"";"";"";"";"";""
"641403";"2005";"AK";"Alaska";"Chronic Health Indicators";"Diabetes";"Have you ever been told by a doctor that you have diabetes?";"Yes";"BRFSS";"%";"Crude Prevalence";"7.1";"";"";"3.4";"10.8";"29";"$15,000-$24,999";"Household Income";"DIABETE2";"4";"4";"";"";"";"";"";""
"641404";"2005";"AK";"Alaska";"Chronic Health Indicators";"Diabetes";"Have you ever been told by a doctor that you have diabetes?";"Yes";"BRFSS";"%";"Crude Prevalence";"3.0";"";"";"0.5";"5.5";"11";"$25,000-$34,999";"Household Income";"DIABETE2";"4";"4";"";"";"";"";"";""
"641405";"2005";"AK";"Alaska";"Chronic Health Indicators";"Diabetes";"Have you ever been told by a doctor that you have diabetes?";"Yes";"BRFSS";"%";"Crude Prevalence";"2.5";"";"";"1.0";"4.0";"13";"$35,000-$49,999";"Household Income";"DIABETE2";"4";"4";"";"";"";"";"";""
"641406";"2005";"AK";"Alaska";"Chronic Health Indicators";"Diabetes";"Have you ever been told by a doctor that you have diabetes?";"Yes";"BRFSS";"%";"Crude Prevalence";"4.0";"";"";"2.6";"5.4";"55";"$50,000+";"Household Income";"DIABETE2";"4";"4";"";"";"";"";"";""
"644099";"2005";"AZ";"Arizona";"Chronic Health Indicators";"Diabetes";"Have you ever been told by a doctor that you have diabetes?";"Yes";"BRFSS";"%";"Crude Prevalence";"12.2";"";"";"7.2";"17.2";"96";"Less than $15,000";"Household Income";"DIABETE2";"5";"5";"";"";"";"";"";""
"644100";"2005";"AZ";"Arizona";"Chronic Health Indicators";"Diabetes";"Have you ever been told by a doctor that you have diabetes?";"Yes";"BRFSS";"%";"Crude Prevalence";"9.8";"";"";"5.1";"14.5";"92";"$15,000-$24,999";"Household Income";"DIABETE2";"5";"5";"";"";"";"";"";""
"644101";"2005";"AZ";"Arizona";"Chronic Health Indicators";"Diabetes";"Have you ever been told by a doctor that you have diabetes?";"Yes";"BRFSS";"%";"Crude Prevalence";"11.3";"";"";"6.7";"15.9";"66";"$25,000-$34,999";"Household Income";"DIABETE2";"5";"5";"";"";"";"";"";""
"644102";"2005";"AZ";"Arizona";"Chronic Health Indicators";"Diabetes";"Have you ever been told by a doctor that you have diabetes?";"Yes";"BRFSS";"%";"Crude Prevalence";"6.1";"";"";"3.1";"9.1";"51";"$35,000-$49,999";"Household Income";"DIABETE2";"5";"5";"";"";"";"";"";""
"644103";"2005";"AZ";"Arizona";"Chronic Health Indicators";"Diabetes";"Have you ever been told by a doctor that you have diabetes?";"Yes";"BRFSS";"%";"Crude Prevalence";"5.3";"";"";"3.4";"7.2";"88";"$50,000+";"Household Income";"DIABETE2";"5";"5";"";"";"";"";"";""
"646940";"2005";"AR";"Arkansas";"Chronic Health Indicators";"Diabetes";"Have you ever been told by a doctor that you have diabetes?";"Yes";"BRFSS";"%";"Crude Prevalence";"13.8";"";"";"10.8";"16.8";"114";"Less than $15,000";"Household Income";"DIABETE2";"6";"6";"";"";"";"";"";""
"646941";"2005";"AR";"Arkansas";"Chronic Health Indicators";"Diabetes";"Have you ever been told by a doctor that you have diabetes?";"Yes";"BRFSS";"%";"Crude Prevalence";"10.0";"";"";"8.0";"12.0";"121";"$15,000-$24,999";"Household Income";"DIABETE2";"6";"6";"";"";"";"";"";""
"646474";"2005";"AR";"Arkansas";"Chronic Health Indicators";"Diabetes";"Have you ever been told by a doctor that you have diabetes?";"Yes";"BRFSS";"%";"Crude Prevalence";"9.2";"";"";"6.8";"11.6";"69";"$25,000-$34,999";"Household Income";"DIABETE2";"6";"6";"";"";"";"";"";""
"646475";"2005";"AR";"Arkansas";"Chronic Health Indicators";"Diabetes";"Have you ever been told by a doctor that you have diabetes?";"Yes";"BRFSS";"%";"Crude Prevalence";"5.6";"";"";"4.0";"7.2";"53";"$35,000-$49,999";"Household Income";"DIABETE2";"6";"6";"";"";"";"";"";""
"646476";"2005";"AR";"Arkansas";"Chronic Health Indicators";"Diabetes";"Have you ever been told by a doctor that you have diabetes?";"Yes";"BRFSS";"%";"Crude Prevalence";"6.1";"";"";"4.7";"7.5";"101";"$50,000+";"Household Income";"DIABETE2";"6";"6";"";"";"";"";"";""
"649106";"2005";"CA";"California";"Chronic Health Indicators";"Diabetes";"Have you ever been told by a doctor that you have diabetes?";"Yes";"BRFSS";"%";"Crude Prevalence";"10.7";"";"";"7.6";"13.8";"100";"Less than $15,000";"Household Income";"DIABETE2";"7";"7";"";"";"";"";"";""
"649107";"2005";"CA";"California";"Chronic Health Indicators";"Diabetes";"Have you ever been told by a doctor that you have diabetes?";"Yes";"BRFSS";"%";"Crude Prevalence";"6.4";"";"";"4.5";"8.3";"70";"$15,000-$24,999";"Household Income";"DIABETE2";"7";"7";"";"";"";"";"";""
"649108";"2005";"CA";"California";"Chronic Health Indicators";"Diabetes";"Have you ever been told by a doctor that you have diabetes?";"Yes";"BRFSS";"%";"Crude Prevalence";"8.6";"";"";"6.0";"11.2";"63";"$25,000-$34,999";"Household Income";"DIABETE2";"7";"7";"";"";"";"";"";""
"649109";"2005";"CA";"California";"Chronic Health Indicators";"Diabetes";"Have you ever been told by a doctor that you have diabetes?";"Yes";"BRFSS";"%";"Crude Prevalence";"5.2";"";"";"3.5";"6.9";"50";"$35,000-$49,999";"Household Income";"DIABETE2";"7";"7";"";"";"";"";"";""
"649110";"2005";"CA";"California";"Chronic Health Indicators";"Diabetes";"Have you ever been told by a doctor that you have diabetes?";"Yes";"BRFSS";"%";"Crude Prevalence";"5.1";"";"";"4.0";"6.2";"135";"$50,000+";"Household Income";"DIABETE2";"7";"7";"";"";"";"";"";""
"651539";"2005";"CO";"Colorado";"Chronic Health Indicators";"Diabetes";"Have you ever been told by a doctor that you have diabetes?";"Yes";"BRFSS";"%";"Crude Prevalence";"7.9";"";"";"5.4";"10.4";"45";"Less than $15,000";"Household Income";"DIABETE2";"8";"8";"";"";"";"";"";""
"651540";"2005";"CO";"Colorado";"Chronic Health Indicators";"Diabetes";"Have you ever been told by a doctor that you have diabetes?";"Yes";"BRFSS";"%";"Crude Prevalence";"5.6";"";"";"4.1";"7.1";"64";"$15,000-$24,999";"Household Income";"DIABETE2";"8";"8";"";"";"";"";"";""
"651541";"2005";"CO";"Colorado";"Chronic Health Indicators";"Diabetes";"Have you ever been told by a doctor that you have diabetes?";"Yes";"BRFSS";"%";"Crude Prevalence";"7.6";"";"";"5.3";"9.9";"49";"$25,000-$34,999";"Household Income";"DIABETE2";"8";"8";"";"";"";"";"";""
"651542";"2005";"CO";"Colorado";"Chronic Health Indicators";"Diabetes";"Have you ever been told by a doctor that you have diabetes?";"Yes";"BRFSS";"%";"Crude Prevalence";"3.5";"";"";"2.3";"4.7";"38";"$35,000-$49,999";"Household Income";"DIABETE2";"8";"8";"";"";"";"";"";""
"651543";"2005";"CO";"Colorado";"Chronic Health Indicators";"Diabetes";"Have you ever been told by a doctor that you have diabetes?";"Yes";"BRFSS";"%";"Crude Prevalence";"3.5";"";"";"2.7";"4.3";"94";"$50,000+";"Household Income";"DIABETE2";"8";"8";"";"";"";"";"";""
"653377";"2005";"CT";"Connecticut";"Chronic Health Indicators";"Diabetes";"Have you ever been told by a doctor that you have diabetes?";"Yes";"BRFSS";"%";"Crude Prevalence";"13.8";"";"";"9.4";"18.2";"63";"Less than $15,000";"Household Income";"DIABETE2";"9";"9";"";"";"";"";"";""
"653378";"2005";"CT";"Connecticut";"Chronic Health Indicators";"Diabetes";"Have you ever been told by a doctor that you have diabetes?";"Yes";"BRFSS";"%";"Crude Prevalence";"9.4";"";"";"6.5";"12.3";"65";"$15,000-$24,999";"Household Income";"DIABETE2";"9";"9";"";"";"";"";"";""
"653379";"2005";"CT";"Connecticut";"Chronic Health Indicators";"Diabetes";"Have you ever been told by a doctor that you have diabetes?";"Yes";"BRFSS";"%";"Crude Prevalence";"9.1";"";"";"6.2";"12.0";"55";"$25,000-$34,999";"Household Income";"DIABETE2";"9";"9";"";"";"";"";"";""
"653380";"2005";"CT";"Connecticut";"Chronic Health Indicators";"Diabetes";"Have you ever been told by a doctor that you have diabetes?";"Yes";"BRFSS";"%";"Crude Prevalence";"9.9";"";"";"7.1";"12.7";"57";"$35,000-$49,999";"Household Income";"DIABETE2";"9";"9";"";"";"";"";"";""
"653381";"2005";"CT";"Connecticut";"Chronic Health Indicators";"Diabetes";"Have you ever been told by a doctor that you have diabetes?";"Yes";"BRFSS";"%";"Crude Prevalence";"4.2";"";"";"3.3";"5.1";"119";"$50,000+";"Household Income";"DIABETE2";"9";"9";"";"";"";"";"";""
"655796";"2005";"DE";"Delaware";"Chronic Health Indicators";"Diabetes";"Have you ever been told by a doctor that you have diabetes?";"Yes";"BRFSS";"%";"Crude Prevalence";"11.4";"";"";"7.5";"15.3";"48";"Less than $15,000";"Household Income";"DIABETE2";"10";"10";"";"";"";"";"";""
"655797";"2005";"DE";"Delaware";"Chronic Health Indicators";"Diabetes";"Have you ever been told by a doctor that you have diabetes?";"Yes";"BRFSS";"%";"Crude Prevalence";"13.9";"";"";"9.5";"18.3";"63";"$15,000-$24,999";"Household Income";"DIABETE2";"10";"10";"";"";"";"";"";""
"655798";"2005";"DE";"Delaware";"Chronic Health Indicators";"Diabetes";"Have you ever been told by a doctor that you have diabetes?";"Yes";"BRFSS";"%";"Crude Prevalence";"10.6";"";"";"6.5";"14.7";"39";"$25,000-$34,999";"Household Income";"DIABETE2";"10";"10";"";"";"";"";"";""
"655799";"2005";"DE";"Delaware";"Chronic Health Indicators";"Diabetes";"Have you ever been told by a doctor that you have diabetes?";"Yes";"BRFSS";"%";"Crude Prevalence";"6.3";"";"";"3.4";"9.2";"39";"$35,000-$49,999";"Household Income";"DIABETE2";"10";"10";"";"";"";"";"";""
"655800";"2005";"DE";"Delaware";"Chronic Health Indicators";"Diabetes";"Have you ever been told by a doctor that you have diabetes?";"Yes";"BRFSS";"%";"Crude Prevalence";"6.2";"";"";"4.7";"7.7";"109";"$50,000+";"Household Income";"DIABETE2";"10";"10";"";"";"";"";"";""
"658923";"2005";"DC";"District of Columbia";"Chronic Health Indicators";"Diabetes";"Have you ever been told by a doctor that you have diabetes?";"Yes";"BRFSS";"%";"Crude Prevalence";"15.1";"";"";"10.6";"19.6";"51";"Less than $15,000";"Household Income";"DIABETE2";"11";"11";"";"";"";"";"";""
"658924";"2005";"DC";"District of Columbia";"Chronic Health Indicators";"Diabetes";"Have you ever been told by a doctor that you have diabetes?";"Yes";"BRFSS";"%";"Crude Prevalence";"11.9";"";"";"8.5";"15.3";"58";"$15,000-$24,999";"Household Income";"DIABETE2";"11";"11";"";"";"";"";"";""
"658925";"2005";"DC";"District of Columbia";"Chronic Health Indicators";"Diabetes";"Have you ever been told by a doctor that you have diabetes?";"Yes";"BRFSS";"%";"Crude Prevalence";"7.2";"";"";"3.8";"10.6";"26";"$25,000-$34,999";"Household Income";"DIABETE2";"11";"11";"";"";"";"";"";""
"658926";"2005";"DC";"District of Columbia";"Chronic Health Indicators";"Diabetes";"Have you ever been told by a doctor that you have diabetes?";"Yes";"BRFSS";"%";"Crude Prevalence";"5.2";"";"";"3.1";"7.3";"28";"$35,000-$49,999";"Household Income";"DIABETE2";"11";"11";"";"";"";"";"";""
"658927";"2005";"DC";"District of Columbia";"Chronic Health Indicators";"Diabetes";"Have you ever been told by a doctor that you have diabetes?";"Yes";"BRFSS";"%";"Crude Prevalence";"4.3";"";"";"3.2";"5.4";"73";"$50,000+";"Household Income";"DIABETE2";"11";"11";"";"";"";"";"";""
"660376";"2005";"FL";"Florida";"Chronic Health Indicators";"Diabetes";"Have you ever been told by a doctor that you have diabetes?";"Yes";"BRFSS";"%";"Crude Prevalence";"18.2";"";"";"13.5";"22.9";"168";"Less than $15,000";"Household Income";"DIABETE2";"12";"12";"";"";"";"";"";""
"660377";"2005";"FL";"Florida";"Chronic Health Indicators";"Diabetes";"Have you ever been told by a doctor that you have diabetes?";"Yes";"BRFSS";"%";"Crude Prevalence";"11.4";"";"";"8.6";"14.2";"186";"$15,000-$24,999";"Household Income";"DIABETE2";"12";"12";"";"";"";"";"";""
"660378";"2005";"FL";"Florida";"Chronic Health Indicators";"Diabetes";"Have you ever been told by a doctor that you have diabetes?";"Yes";"BRFSS";"%";"Crude Prevalence";"9.9";"";"";"7.6";"12.2";"119";"$25,000-$34,999";"Household Income";"DIABETE2";"12";"12";"";"";"";"";"";""
"660379";"2005";"FL";"Florida";"Chronic Health Indicators";"Diabetes";"Have you ever been told by a doctor that you have diabetes?";"Yes";"BRFSS";"%";"Crude Prevalence";"6.2";"";"";"4.4";"8.0";"96";"$35,000-$49,999";"Household Income";"DIABETE2";"12";"12";"";"";"";"";"";""
"660380";"2005";"FL";"Florida";"Chronic Health Indicators";"Diabetes";"Have you ever been told by a doctor that you have diabetes?";"Yes";"BRFSS";"%";"Crude Prevalence";"6.1";"";"";"4.8";"7.4";"159";"$50,000+";"Household Income";"DIABETE2";"12";"12";"";"";"";"";"";""
"663631";"2005";"GA";"Georgia";"Chronic Health Indicators";"Diabetes";"Have you ever been told by a doctor that you have diabetes?";"Yes";"BRFSS";"%";"Crude Prevalence";"17.7";"";"";"14.0";"21.4";"161";"Less than $15,000";"Household Income";"DIABETE2";"13";"13";"";"";"";"";"";""
"663632";"2005";"GA";"Georgia";"Chronic Health Indicators";"Diabetes";"Have you ever been told by a doctor that you have diabetes?";"Yes";"BRFSS";"%";"Crude Prevalence";"10.3";"";"";"7.7";"12.9";"136";"$15,000-$24,999";"Household Income";"DIABETE2";"13";"13";"";"";"";"";"";""
"663633";"2005";"GA";"Georgia";"Chronic Health Indicators";"Diabetes";"Have you ever been told by a doctor that you have diabetes?";"Yes";"BRFSS";"%";"Crude Prevalence";"8.6";"";"";"5.7";"11.5";"63";"$25,000-$34,999";"Household Income";"DIABETE2";"13";"13";"";"";"";"";"";""
"663634";"2005";"GA";"Georgia";"Chronic Health Indicators";"Diabetes";"Have you ever been told by a doctor that you have diabetes?";"Yes";"BRFSS";"%";"Crude Prevalence";"8.3";"";"";"5.5";"11.1";"78";"$35,000-$49,999";"Household Income";"DIABETE2";"13";"13";"";"";"";"";"";""
"663635";"2005";"GA";"Georgia";"Chronic Health Indicators";"Diabetes";"Have you ever been told by a doctor that you have diabetes?";"Yes";"BRFSS";"%";"Crude Prevalence";"5.1";"";"";"3.8";"6.4";"109";"$50,000+";"Household Income";"DIABETE2";"13";"13";"";"";"";"";"";""
"666068";"2005";"HI";"Hawaii";"Chronic Health Indicators";"Diabetes";"Have you ever been told by a doctor that you have diabetes?";"Yes";"BRFSS";"%";"Crude Prevalence";"15.3";"";"";"10.3";"20.3";"70";"Less than $15,000";"Household Income";"DIABETE2";"14";"14";"";"";"";"";"";""
"666069";"2005";"HI";"Hawaii";"Chronic Health Indicators";"Diabetes";"Have you ever been told by a doctor that you have diabetes?";"Yes";"BRFSS";"%";"Crude Prevalence";"10.4";"";"";"7.5";"13.3";"94";"$15,000-$24,999";"Household Income";"DIABETE2";"14";"14";"";"";"";"";"";""
"666070";"2005";"HI";"Hawaii";"Chronic Health Indicators";"Diabetes";"Have you ever been told by a doctor that you have diabetes?";"Yes";"BRFSS";"%";"Crude Prevalence";"9.2";"";"";"6.3";"12.1";"68";"$25,000-$34,999";"Household Income";"DIABETE2";"14";"14";"";"";"";"";"";""
"666071";"2005";"HI";"Hawaii";"Chronic Health Indicators";"Diabetes";"Have you ever been told by a doctor that you have diabetes?";"Yes";"BRFSS";"%";"Crude Prevalence";"5.0";"";"";"3.4";"6.6";"65";"$35,000-$49,999";"Household Income";"DIABETE2";"14";"14";"";"";"";"";"";""
"666072";"2005";"HI";"Hawaii";"Chronic Health Indicators";"Diabetes";"Have you ever been told by a doctor that you have diabetes?";"Yes";"BRFSS";"%";"Crude Prevalence";"5.4";"";"";"4.2";"6.6";"136";"$50,000+";"Household Income";"DIABETE2";"14";"14";"";"";"";"";"";""
"668161";"2005";"ID";"Idaho";"Chronic Health Indicators";"Diabetes";"Have you ever been told by a doctor that you have diabetes?";"Yes";"BRFSS";"%";"Crude Prevalence";"11.4";"";"";"8.5";"14.3";"98";"Less than $15,000";"Household Income";"DIABETE2";"15";"15";"";"";"";"";"";""
"668162";"2005";"ID";"Idaho";"Chronic Health Indicators";"Diabetes";"Have you ever been told by a doctor that you have diabetes?";"Yes";"BRFSS";"%";"Crude Prevalence";"9.9";"";"";"7.8";"12.0";"122";"$15,000-$24,999";"Household Income";"DIABETE2";"15";"15";"";"";"";"";"";""
"668163";"2005";"ID";"Idaho";"Chronic Health Indicators";"Diabetes";"Have you ever been told by a doctor that you have diabetes?";"Yes";"BRFSS";"%";"Crude Prevalence";"5.6";"";"";"3.8";"7.4";"55";"$25,000-$34,999";"Household Income";"DIABETE2";"15";"15";"";"";"";"";"";""
"668164";"2005";"ID";"Idaho";"Chronic Health Indicators";"Diabetes";"Have you ever been told by a doctor that you have diabetes?";"Yes";"BRFSS";"%";"Crude Prevalence";"5.7";"";"";"4.0";"7.4";"63";"$35,000-$49,999";"Household Income";"DIABETE2";"15";"15";"";"";"";"";"";""
"668165";"2005";"ID";"Idaho";"Chronic Health Indicators";"Diabetes";"Have you ever been told by a doctor that you have diabetes?";"Yes";"BRFSS";"%";"Crude Prevalence";"4.7";"";"";"3.6";"5.8";"93";"$50,000+";"Household Income";"DIABETE2";"15";"15";"";"";"";"";"";""
"670203";"2005";"IL";"Illinois";"Chronic Health Indicators";"Diabetes";"Have you ever been told by a doctor that you have diabetes?";"Yes";"BRFSS";"%";"Crude Prevalence";"17.7";"";"";"12.1";"23.3";"81";"Less than $15,000";"Household Income";"DIABETE2";"16";"16";"";"";"";"";"";""
"670204";"2005";"IL";"Illinois";"Chronic Health Indicators";"Diabetes";"Have you ever been told by a doctor that you have diabetes?";"Yes";"BRFSS";"%";"Crude Prevalence";"10.2";"";"";"7.6";"12.8";"86";"$15,000-$24,999";"Household Income";"DIABETE2";"16";"16";"";"";"";"";"";""
"670205";"2005";"IL";"Illinois";"Chronic Health Indicators";"Diabetes";"Have you ever been told by a doctor that you have diabetes?";"Yes";"BRFSS";"%";"Crude Prevalence";"10.3";"";"";"7.1";"13.5";"60";"$25,000-$34,999";"Household Income";"DIABETE2";"16";"16";"";"";"";"";"";""
"670206";"2005";"IL";"Illinois";"Chronic Health Indicators";"Diabetes";"Have you ever been told by a doctor that you have diabetes?";"Yes";"BRFSS";"%";"Crude Prevalence";"8.3";"";"";"5.9";"10.7";"64";"$35,000-$49,999";"Household Income";"DIABETE2";"16";"16";"";"";"";"";"";""
"670207";"2005";"IL";"Illinois";"Chronic Health Indicators";"Diabetes";"Have you ever been told by a doctor that you have diabetes?";"Yes";"BRFSS";"%";"Crude Prevalence";"4.4";"";"";"3.4";"5.4";"102";"$50,000+";"Household Income";"DIABETE2";"16";"16";"";"";"";"";"";""
"672407";"2005";"IN";"Indiana";"Chronic Health Indicators";"Diabetes";"Have you ever been told by a doctor that you have diabetes?";"Yes";"BRFSS";"%";"Crude Prevalence";"12.7";"";"";"9.6";"15.8";"89";"Less than $15,000";"Household Income";"DIABETE2";"17";"17";"";"";"";"";"";""
"672408";"2005";"IN";"Indiana";"Chronic Health Indicators";"Diabetes";"Have you ever been told by a doctor that you have diabetes?";"Yes";"BRFSS";"%";"Crude Prevalence";"13.4";"";"";"10.7";"16.1";"118";"$15,000-$24,999";"Household Income";"DIABETE2";"17";"17";"";"";"";"";"";""
"672409";"2005";"IN";"Indiana";"Chronic Health Indicators";"Diabetes";"Have you ever been told by a doctor that you have diabetes?";"Yes";"BRFSS";"%";"Crude Prevalence";"9.0";"";"";"6.5";"11.5";"59";"$25,000-$34,999";"Household Income";"DIABETE2";"17";"17";"";"";"";"";"";""
"672410";"2005";"IN";"Indiana";"Chronic Health Indicators";"Diabetes";"Have you ever been told by a doctor that you have diabetes?";"Yes";"BRFSS";"%";"Crude Prevalence";"6.6";"";"";"4.9";"8.3";"65";"$35,000-$49,999";"Household Income";"DIABETE2";"17";"17";"";"";"";"";"";""
"672411";"2005";"IN";"Indiana";"Chronic Health Indicators";"Diabetes";"Have you ever been told by a doctor that you have diabetes?";"Yes";"BRFSS";"%";"Crude Prevalence";"5.1";"";"";"4.1";"6.1";"103";"$50,000+";"Household Income";"DIABETE2";"17";"17";"";"";"";"";"";""
"675173";"2005";"IA";"Iowa";"Chronic Health Indicators";"Diabetes";"Have you ever been told by a doctor that you have diabetes?";"Yes";"BRFSS";"%";"Crude Prevalence";"15.0";"";"";"11.4";"18.6";"86";"Less than $15,000";"Household Income";"DIABETE2";"18";"18";"";"";"";"";"";""
"675174";"2005";"IA";"Iowa";"Chronic Health Indicators";"Diabetes";"Have you ever been told by a doctor that you have diabetes?";"Yes";"BRFSS";"%";"Crude Prevalence";"10.7";"";"";"8.3";"13.1";"92";"$15,000-$24,999";"Household Income";"DIABETE2";"18";"18";"";"";"";"";"";""
"675175";"2005";"IA";"Iowa";"Chronic Health Indicators";"Diabetes";"Have you ever been told by a doctor that you have diabetes?";"Yes";"BRFSS";"%";"Crude Prevalence";"8.4";"";"";"6.1";"10.7";"63";"$25,000-$34,999";"Household Income";"DIABETE2";"18";"18";"";"";"";"";"";""
"675176";"2005";"IA";"Iowa";"Chronic Health Indicators";"Diabetes";"Have you ever been told by a doctor that you have diabetes?";"Yes";"BRFSS";"%";"Crude Prevalence";"4.7";"";"";"3.3";"6.1";"50";"$35,000-$49,999";"Household Income";"DIABETE2";"18";"18";"";"";"";"";"";""
"675177";"2005";"IA";"Iowa";"Chronic Health Indicators";"Diabetes";"Have you ever been told by a doctor that you have diabetes?";"Yes";"BRFSS";"%";"Crude Prevalence";"4.5";"";"";"3.4";"5.6";"83";"$50,000+";"Household Income";"DIABETE2";"18";"18";"";"";"";"";"";""
"677694";"2005";"KS";"Kansas";"Chronic Health Indicators";"Diabetes";"Have you ever been told by a doctor that you have diabetes?";"Yes";"BRFSS";"%";"Crude Prevalence";"14.3";"";"";"10.7";"17.9";"108";"Less than $15,000";"Household Income";"DIABETE2";"19";"19";"";"";"";"";"";""
"677695";"2005";"KS";"Kansas";"Chronic Health Indicators";"Diabetes";"Have you ever been told by a doctor that you have diabetes?";"Yes";"BRFSS";"%";"Crude Prevalence";"10.0";"";"";"8.3";"11.7";"180";"$15,000-$24,999";"Household Income";"DIABETE2";"19";"19";"";"";"";"";"";""
"677696";"2005";"KS";"Kansas";"Chronic Health Indicators";"Diabetes";"Have you ever been told by a doctor that you have diabetes?";"Yes";"BRFSS";"%";"Crude Prevalence";"8.4";"";"";"6.7";"10.1";"110";"$25,000-$34,999";"Household Income";"DIABETE2";"19";"19";"";"";"";"";"";""
"677697";"2005";"KS";"Kansas";"Chronic Health Indicators";"Diabetes";"Have you ever been told by a doctor that you have diabetes?";"Yes";"BRFSS";"%";"Crude Prevalence";"6.5";"";"";"5.1";"7.9";"102";"$35,000-$49,999";"Household Income";"DIABETE2";"19";"19";"";"";"";"";"";""
"677698";"2005";"KS";"Kansas";"Chronic Health Indicators";"Diabetes";"Have you ever been told by a doctor that you have diabetes?";"Yes";"BRFSS";"%";"Crude Prevalence";"4.1";"";"";"3.4";"4.8";"141";"$50,000+";"Household Income";"DIABETE2";"19";"19";"";"";"";"";"";""
"680024";"2005";"KY";"Kentucky";"Chronic Health Indicators";"Diabetes";"Have you ever been told by a doctor that you have diabetes?";"Yes";"BRFSS";"%";"Crude Prevalence";"12.9";"";"";"10.3";"15.5";"162";"Less than $15,000";"Household Income";"DIABETE2";"20";"20";"";"";"";"";"";""
"680025";"2005";"KY";"Kentucky";"Chronic Health Indicators";"Diabetes";"Have you ever been told by a doctor that you have diabetes?";"Yes";"BRFSS";"%";"Crude Prevalence";"10.9";"";"";"8.6";"13.2";"151";"$15,000-$24,999";"Household Income";"DIABETE2";"20";"20";"";"";"";"";"";""
"680026";"2005";"KY";"Kentucky";"Chronic Health Indicators";"Diabetes";"Have you ever been told by a doctor that you have diabetes?";"Yes";"BRFSS";"%";"Crude Prevalence";"11.8";"";"";"8.4";"15.2";"87";"$25,000-$34,999";"Household Income";"DIABETE2";"20";"20";"";"";"";"";"";""
"680027";"2005";"KY";"Kentucky";"Chronic Health Indicators";"Diabetes";"Have you ever been told by a doctor that you have diabetes?";"Yes";"BRFSS";"%";"Crude Prevalence";"8.0";"";"";"5.3";"10.7";"59";"$35,000-$49,999";"Household Income";"DIABETE2";"20";"20";"";"";"";"";"";""
"680028";"2005";"KY";"Kentucky";"Chronic Health Indicators";"Diabetes";"Have you ever been told by a doctor that you have diabetes?";"Yes";"BRFSS";"%";"Crude Prevalence";"4.4";"";"";"3.1";"5.7";"80";"$50,000+";"Household Income";"DIABETE2";"20";"20";"";"";"";"";"";""
"683070";"2005";"LA";"Louisiana";"Chronic Health Indicators";"Diabetes";"Have you ever been told by a doctor that you have diabetes?";"Yes";"BRFSS";"%";"Crude Prevalence";"17.1";"";"";"12.4";"21.8";"72";"Less than $15,000";"Household Income";"DIABETE2";"21";"21";"";"";"";"";"";""
"683071";"2005";"LA";"Louisiana";"Chronic Health Indicators";"Diabetes";"Have you ever been told by a doctor that you have diabetes?";"Yes";"BRFSS";"%";"Crude Prevalence";"12.5";"";"";"9.5";"15.5";"80";"$15,000-$24,999";"Household Income";"DIABETE2";"21";"21";"";"";"";"";"";""
"683072";"2005";"LA";"Louisiana";"Chronic Health Indicators";"Diabetes";"Have you ever been told by a doctor that you have diabetes?";"Yes";"BRFSS";"%";"Crude Prevalence";"5.2";"";"";"2.9";"7.5";"25";"$25,000-$34,999";"Household Income";"DIABETE2";"21";"21";"";"";"";"";"";""
"683073";"2005";"LA";"Louisiana";"Chronic Health Indicators";"Diabetes";"Have you ever been told by a doctor that you have diabetes?";"Yes";"BRFSS";"%";"Crude Prevalence";"5.7";"";"";"3.4";"8.0";"26";"$35,000-$49,999";"Household Income";"DIABETE2";"21";"21";"";"";"";"";"";""
"683074";"2005";"LA";"Louisiana";"Chronic Health Indicators";"Diabetes";"Have you ever been told by a doctor that you have diabetes?";"Yes";"BRFSS";"%";"Crude Prevalence";"7.3";"";"";"5.3";"9.3";"55";"$50,000+";"Household Income";"DIABETE2";"21";"21";"";"";"";"";"";""
"684689";"2005";"ME";"Maine";"Chronic Health Indicators";"Diabetes";"Have you ever been told by a doctor that you have diabetes?";"Yes";"BRFSS";"%";"Crude Prevalence";"16.6";"";"";"12.5";"20.7";"88";"Less than $15,000";"Household Income";"DIABETE2";"22";"22";"";"";"";"";"";""
"684690";"2005";"ME";"Maine";"Chronic Health Indicators";"Diabetes";"Have you ever been told by a doctor that you have diabetes?";"Yes";"BRFSS";"%";"Crude Prevalence";"9.2";"";"";"6.9";"11.5";"73";"$15,000-$24,999";"Household Income";"DIABETE2";"22";"22";"";"";"";"";"";""
"684691";"2005";"ME";"Maine";"Chronic Health Indicators";"Diabetes";"Have you ever been told by a doctor that you have diabetes?";"Yes";"BRFSS";"%";"Crude Prevalence";"5.9";"";"";"3.6";"8.2";"33";"$25,000-$34,999";"Household Income";"DIABETE2";"22";"22";"";"";"";"";"";""
"684692";"2005";"ME";"Maine";"Chronic Health Indicators";"Diabetes";"Have you ever been told by a doctor that you have diabetes?";"Yes";"BRFSS";"%";"Crude Prevalence";"7.2";"";"";"4.8";"9.6";"45";"$35,000-$49,999";"Household Income";"DIABETE2";"22";"22";"";"";"";"";"";""
"684693";"2005";"ME";"Maine";"Chronic Health Indicators";"Diabetes";"Have you ever been told by a doctor that you have diabetes?";"Yes";"BRFSS";"%";"Crude Prevalence";"3.4";"";"";"2.3";"4.5";"45";"$50,000+";"Household Income";"DIABETE2";"22";"22";"";"";"";"";"";""
"686946";"2005";"MD";"Maryland";"Chronic Health Indicators";"Diabetes";"Have you ever been told by a doctor that you have diabetes?";"Yes";"BRFSS";"%";"Crude Prevalence";"13.8";"";"";"10.6";"17.0";"95";"Less than $15,000";"Household Income";"DIABETE2";"23";"23";"";"";"";"";"";""
"686947";"2005";"MD";"Maryland";"Chronic Health Indicators";"Diabetes";"Have you ever been told by a doctor that you have diabetes?";"Yes";"BRFSS";"%";"Crude Prevalence";"12.8";"";"";"9.8";"15.8";"134";"$15,000-$24,999";"Household Income";"DIABETE2";"23";"23";"";"";"";"";"";""
"686948";"2005";"MD";"Maryland";"Chronic Health Indicators";"Diabetes";"Have you ever been told by a doctor that you have diabetes?";"Yes";"BRFSS";"%";"Crude Prevalence";"10.1";"";"";"7.6";"12.6";"90";"$25,000-$34,999";"Household Income";"DIABETE2";"23";"23";"";"";"";"";"";""
"686949";"2005";"MD";"Maryland";"Chronic Health Indicators";"Diabetes";"Have you ever been told by a doctor that you have diabetes?";"Yes";"BRFSS";"%";"Crude Prevalence";"6.8";"";"";"5.0";"8.6";"84";"$35,000-$49,999";"Household Income";"DIABETE2";"23";"23";"";"";"";"";"";""
"686950";"2005";"MD";"Maryland";"Chronic Health Indicators";"Diabetes";"Have you ever been told by a doctor that you have diabetes?";"Yes";"BRFSS";"%";"Crude Prevalence";"5.0";"";"";"4.2";"5.8";"225";"$50,000+";"Household Income";"DIABETE2";"23";"23";"";"";"";"";"";""
"689900";"2005";"MA";"Massachusetts";"Chronic Health Indicators";"Diabetes";"Have you ever been told by a doctor that you have diabetes?";"Yes";"BRFSS";"%";"Crude Prevalence";"14.6";"";"";"11.2";"18.0";"167";"Less than $15,000";"Household Income";"DIABETE2";"24";"24";"";"";"";"";"";""
"689901";"2005";"MA";"Massachusetts";"Chronic Health Indicators";"Diabetes";"Have you ever been told by a doctor that you have diabetes?";"Yes";"BRFSS";"%";"Crude Prevalence";"9.6";"";"";"7.5";"11.7";"148";"$15,000-$24,999";"Household Income";"DIABETE2";"24";"24";"";"";"";"";"";""
"689902";"2005";"MA";"Massachusetts";"Chronic Health Indicators";"Diabetes";"Have you ever been told by a doctor that you have diabetes?";"Yes";"BRFSS";"%";"Crude Prevalence";"6.7";"";"";"4.3";"9.1";"72";"$25,000-$34,999";"Household Income";"DIABETE2";"24";"24";"";"";"";"";"";""
"689903";"2005";"MA";"Massachusetts";"Chronic Health Indicators";"Diabetes";"Have you ever been told by a doctor that you have diabetes?";"Yes";"BRFSS";"%";"Crude Prevalence";"5.6";"";"";"4.0";"7.2";"82";"$35,000-$49,999";"Household Income";"DIABETE2";"24";"24";"";"";"";"";"";""
"689904";"2005";"MA";"Massachusetts";"Chronic Health Indicators";"Diabetes";"Have you ever been told by a doctor that you have diabetes?";"Yes";"BRFSS";"%";"Crude Prevalence";"4.4";"";"";"3.6";"5.2";"175";"$50,000+";"Household Income";"DIABETE2";"24";"24";"";"";"";"";"";""
"691395";"2005";"MI";"Michigan";"Chronic Health Indicators";"Diabetes";"Have you ever been told by a doctor that you have diabetes?";"Yes";"BRFSS";"%";"Crude Prevalence";"13.9";"";"";"11.1";"16.7";"164";"Less than $15,000";"Household Income";"DIABETE2";"25";"25";"";"";"";"";"";""
"691396";"2005";"MI";"Michigan";"Chronic Health Indicators";"Diabetes";"Have you ever been told by a doctor that you have diabetes?";"Yes";"BRFSS";"%";"Crude Prevalence";"11.9";"";"";"10.2";"13.6";"251";"$15,000-$24,999";"Household Income";"DIABETE2";"25";"25";"";"";"";"";"";""
"691397";"2005";"MI";"Michigan";"Chronic Health Indicators";"Diabetes";"Have you ever been told by a doctor that you have diabetes?";"Yes";"BRFSS";"%";"Crude Prevalence";"10.2";"";"";"8.5";"11.9";"173";"$25,000-$34,999";"Household Income";"DIABETE2";"25";"25";"";"";"";"";"";""
"691398";"2005";"MI";"Michigan";"Chronic Health Indicators";"Diabetes";"Have you ever been told by a doctor that you have diabetes?";"Yes";"BRFSS";"%";"Crude Prevalence";"7.0";"";"";"5.7";"8.3";"152";"$35,000-$49,999";"Household Income";"DIABETE2";"25";"25";"";"";"";"";"";""
"691399";"2005";"MI";"Michigan";"Chronic Health Indicators";"Diabetes";"Have you ever been told by a doctor that you have diabetes?";"Yes";"BRFSS";"%";"Crude Prevalence";"5.4";"";"";"4.7";"6.1";"268";"$50,000+";"Household Income";"DIABETE2";"25";"25";"";"";"";"";"";""
"694248";"2005";"MN";"Minnesota";"Chronic Health Indicators";"Diabetes";"Have you ever been told by a doctor that you have diabetes?";"Yes";"BRFSS";"%";"Crude Prevalence";"9.7";"";"";"4.9";"14.5";"20";"Less than $15,000";"Household Income";"DIABETE2";"26";"26";"";"";"";"";"";""
"694249";"2005";"MN";"Minnesota";"Chronic Health Indicators";"Diabetes";"Have you ever been told by a doctor that you have diabetes?";"Yes";"BRFSS";"%";"Crude Prevalence";"8.8";"";"";"5.6";"12.0";"37";"$15,000-$24,999";"Household Income";"DIABETE2";"26";"26";"";"";"";"";"";""
"694250";"2005";"MN";"Minnesota";"Chronic Health Indicators";"Diabetes";"Have you ever been told by a doctor that you have diabetes?";"Yes";"BRFSS";"%";"Crude Prevalence";"7.8";"";"";"4.9";"10.7";"32";"$25,000-$34,999";"Household Income";"DIABETE2";"26";"26";"";"";"";"";"";""
"694251";"2005";"MN";"Minnesota";"Chronic Health Indicators";"Diabetes";"Have you ever been told by a doctor that you have diabetes?";"Yes";"BRFSS";"%";"Crude Prevalence";"5.3";"";"";"3.0";"7.6";"25";"$35,000-$49,999";"Household Income";"DIABETE2";"26";"26";"";"";"";"";"";""
"694252";"2005";"MN";"Minnesota";"Chronic Health Indicators";"Diabetes";"Have you ever been told by a doctor that you have diabetes?";"Yes";"BRFSS";"%";"Crude Prevalence";"4.0";"";"";"2.9";"5.1";"55";"$50,000+";"Household Income";"DIABETE2";"26";"26";"";"";"";"";"";""
"696956";"2005";"MS";"Mississippi";"Chronic Health Indicators";"Diabetes";"Have you ever been told by a doctor that you have diabetes?";"Yes";"BRFSS";"%";"Crude Prevalence";"18.0";"";"";"14.7";"21.3";"164";"Less than $15,000";"Household Income";"DIABETE2";"27";"27";"";"";"";"";"";""
"696957";"2005";"MS";"Mississippi";"Chronic Health Indicators";"Diabetes";"Have you ever been told by a doctor that you have diabetes?";"Yes";"BRFSS";"%";"Crude Prevalence";"11.8";"";"";"9.4";"14.2";"123";"$15,000-$24,999";"Household Income";"DIABETE2";"27";"27";"";"";"";"";"";""
"696958";"2005";"MS";"Mississippi";"Chronic Health Indicators";"Diabetes";"Have you ever been told by a doctor that you have diabetes?";"Yes";"BRFSS";"%";"Crude Prevalence";"9.3";"";"";"6.7";"11.9";"61";"$25,000-$34,999";"Household Income";"DIABETE2";"27";"27";"";"";"";"";"";""
"696959";"2005";"MS";"Mississippi";"Chronic Health Indicators";"Diabetes";"Have you ever been told by a doctor that you have diabetes?";"Yes";"BRFSS";"%";"Crude Prevalence";"6.5";"";"";"4.5";"8.5";"47";"$35,000-$49,999";"Household Income";"DIABETE2";"27";"27";"";"";"";"";"";""
"696960";"2005";"MS";"Mississippi";"Chronic Health Indicators";"Diabetes";"Have you ever been told by a doctor that you have diabetes?";"Yes";"BRFSS";"%";"Crude Prevalence";"5.9";"";"";"4.5";"7.3";"74";"$50,000+";"Household Income";"DIABETE2";"27";"27";"";"";"";"";"";""
"698637";"2005";"MO";"Missouri";"Chronic Health Indicators";"Diabetes";"Have you ever been told by a doctor that you have diabetes?";"Yes";"BRFSS";"%";"Crude Prevalence";"16.2";"";"";"12.1";"20.3";"125";"Less than $15,000";"Household Income";"DIABETE2";"28";"28";"";"";"";"";"";""
"698638";"2005";"MO";"Missouri";"Chronic Health Indicators";"Diabetes";"Have you ever been told by a doctor that you have diabetes?";"Yes";"BRFSS";"%";"Crude Prevalence";"12.5";"";"";"9.3";"15.7";"121";"$15,000-$24,999";"Household Income";"DIABETE2";"28";"28";"";"";"";"";"";""
"698639";"2005";"MO";"Missouri";"Chronic Health Indicators";"Diabetes";"Have you ever been told by a doctor that you have diabetes?";"Yes";"BRFSS";"%";"Crude Prevalence";"7.4";"";"";"5.3";"9.5";"71";"$25,000-$34,999";"Household Income";"DIABETE2";"28";"28";"";"";"";"";"";""
"698640";"2005";"MO";"Missouri";"Chronic Health Indicators";"Diabetes";"Have you ever been told by a doctor that you have diabetes?";"Yes";"BRFSS";"%";"Crude Prevalence";"5.1";"";"";"3.6";"6.6";"64";"$35,000-$49,999";"Household Income";"DIABETE2";"28";"28";"";"";"";"";"";""
"698641";"2005";"MO";"Missouri";"Chronic Health Indicators";"Diabetes";"Have you ever been told by a doctor that you have diabetes?";"Yes";"BRFSS";"%";"Crude Prevalence";"4.9";"";"";"3.5";"6.3";"88";"$50,000+";"Household Income";"DIABETE2";"28";"28";"";"";"";"";"";""
"701204";"2005";"MT";"Montana";"Chronic Health Indicators";"Diabetes";"Have you ever been told by a doctor that you have diabetes?";"Yes";"BRFSS";"%";"Crude Prevalence";"12.6";"";"";"9.2";"16.0";"84";"Less than $15,000";"Household Income";"DIABETE2";"29";"29";"";"";"";"";"";""
"701205";"2005";"MT";"Montana";"Chronic Health Indicators";"Diabetes";"Have you ever been told by a doctor that you have diabetes?";"Yes";"BRFSS";"%";"Crude Prevalence";"7.8";"";"";"5.9";"9.7";"96";"$15,000-$24,999";"Household Income";"DIABETE2";"29";"29";"";"";"";"";"";""
"701206";"2005";"MT";"Montana";"Chronic Health Indicators";"Diabetes";"Have you ever been told by a doctor that you have diabetes?";"Yes";"BRFSS";"%";"Crude Prevalence";"6.5";"";"";"4.2";"8.8";"49";"$25,000-$34,999";"Household Income";"DIABETE2";"29";"29";"";"";"";"";"";""
"701207";"2005";"MT";"Montana";"Chronic Health Indicators";"Diabetes";"Have you ever been told by a doctor that you have diabetes?";"Yes";"BRFSS";"%";"Crude Prevalence";"3.4";"";"";"1.9";"4.9";"33";"$35,000-$49,999";"Household Income";"DIABETE2";"29";"29";"";"";"";"";"";""
"701208";"2005";"MT";"Montana";"Chronic Health Indicators";"Diabetes";"Have you ever been told by a doctor that you have diabetes?";"Yes";"BRFSS";"%";"Crude Prevalence";"3.5";"";"";"2.3";"4.7";"52";"$50,000+";"Household Income";"DIABETE2";"29";"29";"";"";"";"";"";""
"704083";"2005";"NE";"Nebraska";"Chronic Health Indicators";"Diabetes";"Have you ever been told by a doctor that you have diabetes?";"Yes";"BRFSS";"%";"Crude Prevalence";"13.3";"";"";"10.4";"16.2";"149";"Less than $15,000";"Household Income";"DIABETE2";"30";"30";"";"";"";"";"";""
"704084";"2005";"NE";"Nebraska";"Chronic Health Indicators";"Diabetes";"Have you ever been told by a doctor that you have diabetes?";"Yes";"BRFSS";"%";"Crude Prevalence";"11.3";"";"";"9.3";"13.3";"191";"$15,000-$24,999";"Household Income";"DIABETE2";"30";"30";"";"";"";"";"";""
"704085";"2005";"NE";"Nebraska";"Chronic Health Indicators";"Diabetes";"Have you ever been told by a doctor that you have diabetes?";"Yes";"BRFSS";"%";"Crude Prevalence";"7.1";"";"";"5.3";"8.9";"96";"$25,000-$34,999";"Household Income";"DIABETE2";"30";"30";"";"";"";"";"";""
"704086";"2005";"NE";"Nebraska";"Chronic Health Indicators";"Diabetes";"Have you ever been told by a doctor that you have diabetes?";"Yes";"BRFSS";"%";"Crude Prevalence";"6.3";"";"";"4.8";"7.8";"93";"$35,000-$49,999";"Household Income";"DIABETE2";"30";"30";"";"";"";"";"";""
"704087";"2005";"NE";"Nebraska";"Chronic Health Indicators";"Diabetes";"Have you ever been told by a doctor that you have diabetes?";"Yes";"BRFSS";"%";"Crude Prevalence";"4.4";"";"";"3.4";"5.4";"128";"$50,000+";"Household Income";"DIABETE2";"30";"30";"";"";"";"";"";""
"705776";"2005";"NV";"Nevada";"Chronic Health Indicators";"Diabetes";"Have you ever been told by a doctor that you have diabetes?";"Yes";"BRFSS";"%";"Crude Prevalence";"11.5";"";"";"5.7";"17.3";"30";"Less than $15,000";"Household Income";"DIABETE2";"31";"31";"";"";"";"";"";""
"705777";"2005";"NV";"Nevada";"Chronic Health Indicators";"Diabetes";"Have you ever been told by a doctor that you have diabetes?";"Yes";"BRFSS";"%";"Crude Prevalence";"8.8";"";"";"5.3";"12.3";"49";"$15,000-$24,999";"Household Income";"DIABETE2";"31";"31";"";"";"";"";"";""
"705778";"2005";"NV";"Nevada";"Chronic Health Indicators";"Diabetes";"Have you ever been told by a doctor that you have diabetes?";"Yes";"BRFSS";"%";"Crude Prevalence";"7.2";"";"";"3.2";"11.2";"26";"$25,000-$34,999";"Household Income";"DIABETE2";"31";"31";"";"";"";"";"";""
"705779";"2005";"NV";"Nevada";"Chronic Health Indicators";"Diabetes";"Have you ever been told by a doctor that you have diabetes?";"Yes";"BRFSS";"%";"Crude Prevalence";"9.9";"";"";"6.0";"13.8";"39";"$35,000-$49,999";"Household Income";"DIABETE2";"31";"31";"";"";"";"";"";""
"705780";"2005";"NV";"Nevada";"Chronic Health Indicators";"Diabetes";"Have you ever been told by a doctor that you have diabetes?";"Yes";"BRFSS";"%";"Crude Prevalence";"4.9";"";"";"3.4";"6.4";"80";"$50,000+";"Household Income";"DIABETE2";"31";"31";"";"";"";"";"";""
"708366";"2005";"NH";"New Hampshire";"Chronic Health Indicators";"Diabetes";"Have you ever been told by a doctor that you have diabetes?";"Yes";"BRFSS";"%";"Crude Prevalence";"13.1";"";"";"9.7";"16.5";"72";"Less than $15,000";"Household Income";"DIABETE2";"32";"32";"";"";"";"";"";""
"708367";"2005";"NH";"New Hampshire";"Chronic Health Indicators";"Diabetes";"Have you ever been told by a doctor that you have diabetes?";"Yes";"BRFSS";"%";"Crude Prevalence";"11.5";"";"";"8.8";"14.2";"85";"$15,000-$24,999";"Household Income";"DIABETE2";"32";"32";"";"";"";"";"";""
"708368";"2005";"NH";"New Hampshire";"Chronic Health Indicators";"Diabetes";"Have you ever been told by a doctor that you have diabetes?";"Yes";"BRFSS";"%";"Crude Prevalence";"8.4";"";"";"6.1";"10.7";"62";"$25,000-$34,999";"Household Income";"DIABETE2";"32";"32";"";"";"";"";"";""
"708369";"2005";"NH";"New Hampshire";"Chronic Health Indicators";"Diabetes";"Have you ever been told by a doctor that you have diabetes?";"Yes";"BRFSS";"%";"Crude Prevalence";"6.7";"";"";"4.9";"8.5";"65";"$35,000-$49,999";"Household Income";"DIABETE2";"32";"32";"";"";"";"";"";""
"708370";"2005";"NH";"New Hampshire";"Chronic Health Indicators";"Diabetes";"Have you ever been told by a doctor that you have diabetes?";"Yes";"BRFSS";"%";"Crude Prevalence";"4.2";"";"";"3.3";"5.1";"117";"$50,000+";"Household Income";"DIABETE2";"32";"32";"";"";"";"";"";""
"710465";"2005";"NJ";"New Jersey";"Chronic Health Indicators";"Diabetes";"Have you ever been told by a doctor that you have diabetes?";"Yes";"BRFSS";"%";"Crude Prevalence";"15.2";"";"";"12.1";"18.3";"188";"Less than $15,000";"Household Income";"DIABETE2";"33";"33";"";"";"";"";"";""
"710466";"2005";"NJ";"New Jersey";"Chronic Health Indicators";"Diabetes";"Have you ever been told by a doctor that you have diabetes?";"Yes";"BRFSS";"%";"Crude Prevalence";"11.5";"";"";"9.5";"13.5";"240";"$15,000-$24,999";"Household Income";"DIABETE2";"33";"33";"";"";"";"";"";""
"710467";"2005";"NJ";"New Jersey";"Chronic Health Indicators";"Diabetes";"Have you ever been told by a doctor that you have diabetes?";"Yes";"BRFSS";"%";"Crude Prevalence";"9.2";"";"";"7.1";"11.3";"139";"$25,000-$34,999";"Household Income";"DIABETE2";"33";"33";"";"";"";"";"";""
"710468";"2005";"NJ";"New Jersey";"Chronic Health Indicators";"Diabetes";"Have you ever been told by a doctor that you have diabetes?";"Yes";"BRFSS";"%";"Crude Prevalence";"7.2";"";"";"5.8";"8.6";"150";"$35,000-$49,999";"Household Income";"DIABETE2";"33";"33";"";"";"";"";"";""
"710469";"2005";"NJ";"New Jersey";"Chronic Health Indicators";"Diabetes";"Have you ever been told by a doctor that you have diabetes?";"Yes";"BRFSS";"%";"Crude Prevalence";"4.8";"";"";"4.2";"5.4";"346";"$50,000+";"Household Income";"DIABETE2";"33";"33";"";"";"";"";"";""
"713256";"2005";"NM";"New Mexico";"Chronic Health Indicators";"Diabetes";"Have you ever been told by a doctor that you have diabetes?";"Yes";"BRFSS";"%";"Crude Prevalence";"13.7";"";"";"10.6";"16.8";"119";"Less than $15,000";"Household Income";"DIABETE2";"34";"34";"";"";"";"";"";""
"713257";"2005";"NM";"New Mexico";"Chronic Health Indicators";"Diabetes";"Have you ever been told by a doctor that you have diabetes?";"Yes";"BRFSS";"%";"Crude Prevalence";"8.1";"";"";"6.4";"9.8";"118";"$15,000-$24,999";"Household Income";"DIABETE2";"34";"34";"";"";"";"";"";""
"713258";"2005";"NM";"New Mexico";"Chronic Health Indicators";"Diabetes";"Have you ever been told by a doctor that you have diabetes?";"Yes";"BRFSS";"%";"Crude Prevalence";"8.0";"";"";"5.3";"10.7";"58";"$25,000-$34,999";"Household Income";"DIABETE2";"34";"34";"";"";"";"";"";""
"713259";"2005";"NM";"New Mexico";"Chronic Health Indicators";"Diabetes";"Have you ever been told by a doctor that you have diabetes?";"Yes";"BRFSS";"%";"Crude Prevalence";"6.4";"";"";"4.5";"8.3";"60";"$35,000-$49,999";"Household Income";"DIABETE2";"34";"34";"";"";"";"";"";""
"713260";"2005";"NM";"New Mexico";"Chronic Health Indicators";"Diabetes";"Have you ever been told by a doctor that you have diabetes?";"Yes";"BRFSS";"%";"Crude Prevalence";"4.6";"";"";"3.5";"5.7";"80";"$50,000+";"Household Income";"DIABETE2";"34";"34";"";"";"";"";"";""
"716010";"2005";"NY";"New York";"Chronic Health Indicators";"Diabetes";"Have you ever been told by a doctor that you have diabetes?";"Yes";"BRFSS";"%";"Crude Prevalence";"15.7";"";"";"12.4";"19.0";"134";"Less than $15,000";"Household Income";"DIABETE2";"35";"35";"";"";"";"";"";""
"716011";"2005";"NY";"New York";"Chronic Health Indicators";"Diabetes";"Have you ever been told by a doctor that you have diabetes?";"Yes";"BRFSS";"%";"Crude Prevalence";"12.1";"";"";"9.7";"14.5";"142";"$15,000-$24,999";"Household Income";"DIABETE2";"35";"35";"";"";"";"";"";""
"716012";"2005";"NY";"New York";"Chronic Health Indicators";"Diabetes";"Have you ever been told by a doctor that you have diabetes?";"Yes";"BRFSS";"%";"Crude Prevalence";"9.0";"";"";"6.1";"11.9";"84";"$25,000-$34,999";"Household Income";"DIABETE2";"35";"35";"";"";"";"";"";""
"716013";"2005";"NY";"New York";"Chronic Health Indicators";"Diabetes";"Have you ever been told by a doctor that you have diabetes?";"Yes";"BRFSS";"%";"Crude Prevalence";"7.4";"";"";"5.4";"9.4";"75";"$35,000-$49,999";"Household Income";"DIABETE2";"35";"35";"";"";"";"";"";""
"716014";"2005";"NY";"New York";"Chronic Health Indicators";"Diabetes";"Have you ever been told by a doctor that you have diabetes?";"Yes";"BRFSS";"%";"Crude Prevalence";"4.1";"";"";"3.2";"5.0";"137";"$50,000+";"Household Income";"DIABETE2";"35";"35";"";"";"";"";"";""
"718048";"2005";"NC";"North Carolina";"Chronic Health Indicators";"Diabetes";"Have you ever been told by a doctor that you have diabetes?";"Yes";"BRFSS";"%";"Crude Prevalence";"15.3";"";"";"13.5";"17.1";"398";"Less than $15,000";"Household Income";"DIABETE2";"36";"36";"";"";"";"";"";""
"718049";"2005";"NC";"North Carolina";"Chronic Health Indicators";"Diabetes";"Have you ever been told by a doctor that you have diabetes?";"Yes";"BRFSS";"%";"Crude Prevalence";"9.8";"";"";"8.5";"11.1";"389";"$15,000-$24,999";"Household Income";"DIABETE2";"36";"36";"";"";"";"";"";""
"718050";"2005";"NC";"North Carolina";"Chronic Health Indicators";"Diabetes";"Have you ever been told by a doctor that you have diabetes?";"Yes";"BRFSS";"%";"Crude Prevalence";"8.7";"";"";"7.3";"10.1";"228";"$25,000-$34,999";"Household Income";"DIABETE2";"36";"36";"";"";"";"";"";""
"718051";"2005";"NC";"North Carolina";"Chronic Health Indicators";"Diabetes";"Have you ever been told by a doctor that you have diabetes?";"Yes";"BRFSS";"%";"Crude Prevalence";"6.7";"";"";"5.6";"7.8";"191";"$35,000-$49,999";"Household Income";"DIABETE2";"36";"36";"";"";"";"";"";""
"718052";"2005";"NC";"North Carolina";"Chronic Health Indicators";"Diabetes";"Have you ever been told by a doctor that you have diabetes?";"Yes";"BRFSS";"%";"Crude Prevalence";"5.7";"";"";"4.9";"6.5";"320";"$50,000+";"Household Income";"DIABETE2";"36";"36";"";"";"";"";"";""
"720752";"2005";"ND";"North Dakota";"Chronic Health Indicators";"Diabetes";"Have you ever been told by a doctor that you have diabetes?";"Yes";"BRFSS";"%";"Crude Prevalence";"11.1";"";"";"7.8";"14.4";"54";"Less than $15,000";"Household Income";"DIABETE2";"37";"37";"";"";"";"";"";""
"720753";"2005";"ND";"North Dakota";"Chronic Health Indicators";"Diabetes";"Have you ever been told by a doctor that you have diabetes?";"Yes";"BRFSS";"%";"Crude Prevalence";"10.6";"";"";"7.2";"14.0";"67";"$15,000-$24,999";"Household Income";"DIABETE2";"37";"37";"";"";"";"";"";""
"720754";"2005";"ND";"North Dakota";"Chronic Health Indicators";"Diabetes";"Have you ever been told by a doctor that you have diabetes?";"Yes";"BRFSS";"%";"Crude Prevalence";"8.8";"";"";"6.3";"11.3";"59";"$25,000-$34,999";"Household Income";"DIABETE2";"37";"37";"";"";"";"";"";""
"720755";"2005";"ND";"North Dakota";"Chronic Health Indicators";"Diabetes";"Have you ever been told by a doctor that you have diabetes?";"Yes";"BRFSS";"%";"Crude Prevalence";"4.9";"";"";"3.2";"6.6";"39";"$35,000-$49,999";"Household Income";"DIABETE2";"37";"37";"";"";"";"";"";""
"720756";"2005";"ND";"North Dakota";"Chronic Health Indicators";"Diabetes";"Have you ever been told by a doctor that you have diabetes?";"Yes";"BRFSS";"%";"Crude Prevalence";"4.4";"";"";"3.2";"5.6";"58";"$50,000+";"Household Income";"DIABETE2";"37";"37";"";"";"";"";"";""
"723215";"2005";"OH";"Ohio";"Chronic Health Indicators";"Diabetes";"Have you ever been told by a doctor that you have diabetes?";"Yes";"BRFSS";"%";"Crude Prevalence";"11.1";"";"";"8.1";"14.1";"180";"Less than $15,000";"Household Income";"DIABETE2";"38";"38";"";"";"";"";"";""
"723216";"2005";"OH";"Ohio";"Chronic Health Indicators";"Diabetes";"Have you ever been told by a doctor that you have diabetes?";"Yes";"BRFSS";"%";"Crude Prevalence";"13.6";"";"";"10.6";"16.6";"185";"$15,000-$24,999";"Household Income";"DIABETE2";"38";"38";"";"";"";"";"";""
"723217";"2005";"OH";"Ohio";"Chronic Health Indicators";"Diabetes";"Have you ever been told by a doctor that you have diabetes?";"Yes";"BRFSS";"%";"Crude Prevalence";"9.8";"";"";"7.1";"12.5";"101";"$25,000-$34,999";"Household Income";"DIABETE2";"38";"38";"";"";"";"";"";""
"723218";"2005";"OH";"Ohio";"Chronic Health Indicators";"Diabetes";"Have you ever been told by a doctor that you have diabetes?";"Yes";"BRFSS";"%";"Crude Prevalence";"6.9";"";"";"4.8";"9.0";"106";"$35,000-$49,999";"Household Income";"DIABETE2";"38";"38";"";"";"";"";"";""
"723219";"2005";"OH";"Ohio";"Chronic Health Indicators";"Diabetes";"Have you ever been told by a doctor that you have diabetes?";"Yes";"BRFSS";"%";"Crude Prevalence";"4.5";"";"";"3.4";"5.6";"129";"$50,000+";"Household Income";"DIABETE2";"38";"38";"";"";"";"";"";""
"725270";"2005";"OK";"Oklahoma";"Chronic Health Indicators";"Diabetes";"Have you ever been told by a doctor that you have diabetes?";"Yes";"BRFSS";"%";"Crude Prevalence";"14.5";"";"";"12.0";"17.0";"401";"Less than $15,000";"Household Income";"DIABETE2";"39";"39";"";"";"";"";"";""
"725271";"2005";"OK";"Oklahoma";"Chronic Health Indicators";"Diabetes";"Have you ever been told by a doctor that you have diabetes?";"Yes";"BRFSS";"%";"Crude Prevalence";"9.8";"";"";"8.1";"11.5";"349";"$15,000-$24,999";"Household Income";"DIABETE2";"39";"39";"";"";"";"";"";""
"725272";"2005";"OK";"Oklahoma";"Chronic Health Indicators";"Diabetes";"Have you ever been told by a doctor that you have diabetes?";"Yes";"BRFSS";"%";"Crude Prevalence";"10.7";"";"";"8.5";"12.9";"202";"$25,000-$34,999";"Household Income";"DIABETE2";"39";"39";"";"";"";"";"";""
"725273";"2005";"OK";"Oklahoma";"Chronic Health Indicators";"Diabetes";"Have you ever been told by a doctor that you have diabetes?";"Yes";"BRFSS";"%";"Crude Prevalence";"8.0";"";"";"6.1";"9.9";"188";"$35,000-$49,999";"Household Income";"DIABETE2";"39";"39";"";"";"";"";"";""
"725274";"2005";"OK";"Oklahoma";"Chronic Health Indicators";"Diabetes";"Have you ever been told by a doctor that you have diabetes?";"Yes";"BRFSS";"%";"Crude Prevalence";"6.1";"";"";"4.8";"7.4";"202";"$50,000+";"Household Income";"DIABETE2";"39";"39";"";"";"";"";"";""
"728070";"2005";"OR";"Oregon";"Chronic Health Indicators";"Diabetes";"Have you ever been told by a doctor that you have diabetes?";"Yes";"BRFSS";"%";"Crude Prevalence";"13.2";"";"";"10.7";"15.7";"165";"Less than $15,000";"Household Income";"DIABETE2";"40";"40";"";"";"";"";"";""
"728071";"2005";"OR";"Oregon";"Chronic Health Indicators";"Diabetes";"Have you ever been told by a doctor that you have diabetes?";"Yes";"BRFSS";"%";"Crude Prevalence";"8.4";"";"";"7.2";"9.6";"259";"$15,000-$24,999";"Household Income";"DIABETE2";"40";"40";"";"";"";"";"";""
"728072";"2005";"OR";"Oregon";"Chronic Health Indicators";"Diabetes";"Have you ever been told by a doctor that you have diabetes?";"Yes";"BRFSS";"%";"Crude Prevalence";"6.6";"";"";"5.4";"7.8";"145";"$25,000-$34,999";"Household Income";"DIABETE2";"40";"40";"";"";"";"";"";""
"728073";"2005";"OR";"Oregon";"Chronic Health Indicators";"Diabetes";"Have you ever been told by a doctor that you have diabetes?";"Yes";"BRFSS";"%";"Crude Prevalence";"6.1";"";"";"5.0";"7.2";"148";"$35,000-$49,999";"Household Income";"DIABETE2";"40";"40";"";"";"";"";"";""
"728074";"2005";"OR";"Oregon";"Chronic Health Indicators";"Diabetes";"Have you ever been told by a doctor that you have diabetes?";"Yes";"BRFSS";"%";"Crude Prevalence";"4.3";"";"";"3.6";"5.0";"182";"$50,000+";"Household Income";"DIABETE2";"40";"40";"";"";"";"";"";""
"730206";"2005";"PA";"Pennsylvania";"Chronic Health Indicators";"Diabetes";"Have you ever been told by a doctor that you have diabetes?";"Yes";"BRFSS";"%";"Crude Prevalence";"15.3";"";"";"12.7";"17.9";"321";"Less than $15,000";"Household Income";"DIABETE2";"41";"41";"";"";"";"";"";""
"730207";"2005";"PA";"Pennsylvania";"Chronic Health Indicators";"Diabetes";"Have you ever been told by a doctor that you have diabetes?";"Yes";"BRFSS";"%";"Crude Prevalence";"13.1";"";"";"11.0";"15.2";"343";"$15,000-$24,999";"Household Income";"DIABETE2";"41";"41";"";"";"";"";"";""
"730208";"2005";"PA";"Pennsylvania";"Chronic Health Indicators";"Diabetes";"Have you ever been told by a doctor that you have diabetes?";"Yes";"BRFSS";"%";"Crude Prevalence";"9.1";"";"";"7.1";"11.1";"165";"$25,000-$34,999";"Household Income";"DIABETE2";"41";"41";"";"";"";"";"";""
"730209";"2005";"PA";"Pennsylvania";"Chronic Health Indicators";"Diabetes";"Have you ever been told by a doctor that you have diabetes?";"Yes";"BRFSS";"%";"Crude Prevalence";"6.5";"";"";"5.0";"8.0";"158";"$35,000-$49,999";"Household Income";"DIABETE2";"41";"41";"";"";"";"";"";""
"730210";"2005";"PA";"Pennsylvania";"Chronic Health Indicators";"Diabetes";"Have you ever been told by a doctor that you have diabetes?";"Yes";"BRFSS";"%";"Crude Prevalence";"4.2";"";"";"3.3";"5.1";"184";"$50,000+";"Household Income";"DIABETE2";"41";"41";"";"";"";"";"";""
"734418";"2005";"RI";"Rhode Island";"Chronic Health Indicators";"Diabetes";"Have you ever been told by a doctor that you have diabetes?";"Yes";"BRFSS";"%";"Crude Prevalence";"11.8";"";"";"8.2";"15.4";"58";"Less than $15,000";"Household Income";"DIABETE2";"42";"42";"";"";"";"";"";""
"734419";"2005";"RI";"Rhode Island";"Chronic Health Indicators";"Diabetes";"Have you ever been told by a doctor that you have diabetes?";"Yes";"BRFSS";"%";"Crude Prevalence";"8.6";"";"";"6.1";"11.1";"60";"$15,000-$24,999";"Household Income";"DIABETE2";"42";"42";"";"";"";"";"";""
"734420";"2005";"RI";"Rhode Island";"Chronic Health Indicators";"Diabetes";"Have you ever been told by a doctor that you have diabetes?";"Yes";"BRFSS";"%";"Crude Prevalence";"7.6";"";"";"4.8";"10.4";"34";"$25,000-$34,999";"Household Income";"DIABETE2";"42";"42";"";"";"";"";"";""
"734421";"2005";"RI";"Rhode Island";"Chronic Health Indicators";"Diabetes";"Have you ever been told by a doctor that you have diabetes?";"Yes";"BRFSS";"%";"Crude Prevalence";"3.5";"";"";"1.6";"5.4";"17";"$35,000-$49,999";"Household Income";"DIABETE2";"42";"42";"";"";"";"";"";""
"734422";"2005";"RI";"Rhode Island";"Chronic Health Indicators";"Diabetes";"Have you ever been told by a doctor that you have diabetes?";"Yes";"BRFSS";"%";"Crude Prevalence";"5.0";"";"";"3.8";"6.2";"77";"$50,000+";"Household Income";"DIABETE2";"42";"42";"";"";"";"";"";""
"736904";"2005";"SC";"South Carolina";"Chronic Health Indicators";"Diabetes";"Have you ever been told by a doctor that you have diabetes?";"Yes";"BRFSS";"%";"Crude Prevalence";"20.9";"";"";"17.9";"23.9";"240";"Less than $15,000";"Household Income";"DIABETE2";"43";"43";"";"";"";"";"";""
"736905";"2005";"SC";"South Carolina";"Chronic Health Indicators";"Diabetes";"Have you ever been told by a doctor that you have diabetes?";"Yes";"BRFSS";"%";"Crude Prevalence";"13.7";"";"";"11.6";"15.8";"215";"$15,000-$24,999";"Household Income";"DIABETE2";"43";"43";"";"";"";"";"";""
"736906";"2005";"SC";"South Carolina";"Chronic Health Indicators";"Diabetes";"Have you ever been told by a doctor that you have diabetes?";"Yes";"BRFSS";"%";"Crude Prevalence";"9.2";"";"";"7.1";"11.3";"98";"$25,000-$34,999";"Household Income";"DIABETE2";"43";"43";"";"";"";"";"";""
"736907";"2005";"SC";"South Carolina";"Chronic Health Indicators";"Diabetes";"Have you ever been told by a doctor that you have diabetes?";"Yes";"BRFSS";"%";"Crude Prevalence";"9.3";"";"";"7.5";"11.1";"127";"$35,000-$49,999";"Household Income";"DIABETE2";"43";"43";"";"";"";"";"";""
"736908";"2005";"SC";"South Carolina";"Chronic Health Indicators";"Diabetes";"Have you ever been told by a doctor that you have diabetes?";"Yes";"BRFSS";"%";"Crude Prevalence";"6.0";"";"";"5.0";"7.0";"177";"$50,000+";"Household Income";"DIABETE2";"43";"43";"";"";"";"";"";""
"739301";"2005";"SD";"South Dakota";"Chronic Health Indicators";"Diabetes";"Have you ever been told by a doctor that you have diabetes?";"Yes";"BRFSS";"%";"Crude Prevalence";"10.9";"";"";"8.6";"13.2";"120";"Less than $15,000";"Household Income";"DIABETE2";"44";"44";"";"";"";"";"";""
"739302";"2005";"SD";"South Dakota";"Chronic Health Indicators";"Diabetes";"Have you ever been told by a doctor that you have diabetes?";"Yes";"BRFSS";"%";"Crude Prevalence";"9.4";"";"";"7.6";"11.2";"135";"$15,000-$24,999";"Household Income";"DIABETE2";"44";"44";"";"";"";"";"";""
"739303";"2005";"SD";"South Dakota";"Chronic Health Indicators";"Diabetes";"Have you ever been told by a doctor that you have diabetes?";"Yes";"BRFSS";"%";"Crude Prevalence";"6.1";"";"";"4.3";"7.9";"74";"$25,000-$34,999";"Household Income";"DIABETE2";"44";"44";"";"";"";"";"";""
"739304";"2005";"SD";"South Dakota";"Chronic Health Indicators";"Diabetes";"Have you ever been told by a doctor that you have diabetes?";"Yes";"BRFSS";"%";"Crude Prevalence";"5.3";"";"";"4.0";"6.6";"85";"$35,000-$49,999";"Household Income";"DIABETE2";"44";"44";"";"";"";"";"";""
"739305";"2005";"SD";"South Dakota";"Chronic Health Indicators";"Diabetes";"Have you ever been told by a doctor that you have diabetes?";"Yes";"BRFSS";"%";"Crude Prevalence";"4.2";"";"";"3.2";"5.2";"95";"$50,000+";"Household Income";"DIABETE2";"44";"44";"";"";"";"";"";""
"741397";"2005";"TN";"Tennessee";"Chronic Health Indicators";"Diabetes";"Have you ever been told by a doctor that you have diabetes?";"Yes";"BRFSS";"%";"Crude Prevalence";"15.8";"";"";"11.5";"20.1";"95";"Less than $15,000";"Household Income";"DIABETE2";"45";"45";"";"";"";"";"";""
"741398";"2005";"TN";"Tennessee";"Chronic Health Indicators";"Diabetes";"Have you ever been told by a doctor that you have diabetes?";"Yes";"BRFSS";"%";"Crude Prevalence";"11.7";"";"";"9.1";"14.3";"119";"$15,000-$24,999";"Household Income";"DIABETE2";"45";"45";"";"";"";"";"";""
"741399";"2005";"TN";"Tennessee";"Chronic Health Indicators";"Diabetes";"Have you ever been told by a doctor that you have diabetes?";"Yes";"BRFSS";"%";"Crude Prevalence";"8.5";"";"";"5.9";"11.1";"64";"$25,000-$34,999";"Household Income";"DIABETE2";"45";"45";"";"";"";"";"";""
"741400";"2005";"TN";"Tennessee";"Chronic Health Indicators";"Diabetes";"Have you ever been told by a doctor that you have diabetes?";"Yes";"BRFSS";"%";"Crude Prevalence";"6.2";"";"";"4.3";"8.1";"56";"$35,000-$49,999";"Household Income";"DIABETE2";"45";"45";"";"";"";"";"";""
"741401";"2005";"TN";"Tennessee";"Chronic Health Indicators";"Diabetes";"Have you ever been told by a doctor that you have diabetes?";"Yes";"BRFSS";"%";"Crude Prevalence";"6.2";"";"";"4.4";"8.0";"74";"$50,000+";"Household Income";"DIABETE2";"45";"45";"";"";"";"";"";""
"743743";"2005";"TX";"Texas";"Chronic Health Indicators";"Diabetes";"Have you ever been told by a doctor that you have diabetes?";"Yes";"BRFSS";"%";"Crude Prevalence";"13.7";"";"";"11.1";"16.3";"152";"Less than $15,000";"Household Income";"DIABETE2";"46";"46";"";"";"";"";"";""
"743744";"2005";"TX";"Texas";"Chronic Health Indicators";"Diabetes";"Have you ever been told by a doctor that you have diabetes?";"Yes";"BRFSS";"%";"Crude Prevalence";"8.4";"";"";"6.6";"10.2";"126";"$15,000-$24,999";"Household Income";"DIABETE2";"46";"46";"";"";"";"";"";""
"743745";"2005";"TX";"Texas";"Chronic Health Indicators";"Diabetes";"Have you ever been told by a doctor that you have diabetes?";"Yes";"BRFSS";"%";"Crude Prevalence";"9.1";"";"";"6.7";"11.5";"74";"$25,000-$34,999";"Household Income";"DIABETE2";"46";"46";"";"";"";"";"";""
"743746";"2005";"TX";"Texas";"Chronic Health Indicators";"Diabetes";"Have you ever been told by a doctor that you have diabetes?";"Yes";"BRFSS";"%";"Crude Prevalence";"6.1";"";"";"4.4";"7.8";"71";"$35,000-$49,999";"Household Income";"DIABETE2";"46";"46";"";"";"";"";"";""
"743747";"2005";"TX";"Texas";"Chronic Health Indicators";"Diabetes";"Have you ever been told by a doctor that you have diabetes?";"Yes";"BRFSS";"%";"Crude Prevalence";"5.4";"";"";"4.3";"6.5";"126";"$50,000+";"Household Income";"DIABETE2";"46";"46";"";"";"";"";"";""
"746527";"2005";"UT";"Utah";"Chronic Health Indicators";"Diabetes";"Have you ever been told by a doctor that you have diabetes?";"Yes";"BRFSS";"%";"Crude Prevalence";"8.7";"";"";"5.7";"11.7";"52";"Less than $15,000";"Household Income";"DIABETE2";"47";"47";"";"";"";"";"";""
"746528";"2005";"UT";"Utah";"Chronic Health Indicators";"Diabetes";"Have you ever been told by a doctor that you have diabetes?";"Yes";"BRFSS";"%";"Crude Prevalence";"6.3";"";"";"4.3";"8.3";"61";"$15,000-$24,999";"Household Income";"DIABETE2";"47";"47";"";"";"";"";"";""
"746529";"2005";"UT";"Utah";"Chronic Health Indicators";"Diabetes";"Have you ever been told by a doctor that you have diabetes?";"Yes";"BRFSS";"%";"Crude Prevalence";"6.9";"";"";"4.6";"9.2";"49";"$25,000-$34,999";"Household Income";"DIABETE2";"47";"47";"";"";"";"";"";""
"746530";"2005";"UT";"Utah";"Chronic Health Indicators";"Diabetes";"Have you ever been told by a doctor that you have diabetes?";"Yes";"BRFSS";"%";"Crude Prevalence";"4.9";"";"";"3.4";"6.4";"59";"$35,000-$49,999";"Household Income";"DIABETE2";"47";"47";"";"";"";"";"";""
"746531";"2005";"UT";"Utah";"Chronic Health Indicators";"Diabetes";"Have you ever been told by a doctor that you have diabetes?";"Yes";"BRFSS";"%";"Crude Prevalence";"4.4";"";"";"3.4";"5.4";"99";"$50,000+";"Household Income";"DIABETE2";"47";"47";"";"";"";"";"";""
"749165";"2005";"VT";"Vermont";"Chronic Health Indicators";"Diabetes";"Have you ever been told by a doctor that you have diabetes?";"Yes";"BRFSS";"%";"Crude Prevalence";"10.4";"";"";"7.8";"13.0";"89";"Less than $15,000";"Household Income";"DIABETE2";"48";"48";"";"";"";"";"";""
"749166";"2005";"VT";"Vermont";"Chronic Health Indicators";"Diabetes";"Have you ever been told by a doctor that you have diabetes?";"Yes";"BRFSS";"%";"Crude Prevalence";"9.0";"";"";"6.6";"11.4";"95";"$15,000-$24,999";"Household Income";"DIABETE2";"48";"48";"";"";"";"";"";""
"749167";"2005";"VT";"Vermont";"Chronic Health Indicators";"Diabetes";"Have you ever been told by a doctor that you have diabetes?";"Yes";"BRFSS";"%";"Crude Prevalence";"8.3";"";"";"6.2";"10.4";"74";"$25,000-$34,999";"Household Income";"DIABETE2";"48";"48";"";"";"";"";"";""
"749168";"2005";"VT";"Vermont";"Chronic Health Indicators";"Diabetes";"Have you ever been told by a doctor that you have diabetes?";"Yes";"BRFSS";"%";"Crude Prevalence";"5.3";"";"";"4.0";"6.6";"71";"$35,000-$49,999";"Household Income";"DIABETE2";"48";"48";"";"";"";"";"";""
"749169";"2005";"VT";"Vermont";"Chronic Health Indicators";"Diabetes";"Have you ever been told by a doctor that you have diabetes?";"Yes";"BRFSS";"%";"Crude Prevalence";"3.5";"";"";"2.7";"4.3";"90";"$50,000+";"Household Income";"DIABETE2";"48";"48";"";"";"";"";"";""
"753750";"2005";"VA";"Virginia";"Chronic Health Indicators";"Diabetes";"Have you ever been told by a doctor that you have diabetes?";"Yes";"BRFSS";"%";"Crude Prevalence";"15.1";"";"";"11.3";"18.9";"87";"Less than $15,000";"Household Income";"DIABETE2";"49";"49";"";"";"";"";"";""
"753751";"2005";"VA";"Virginia";"Chronic Health Indicators";"Diabetes";"Have you ever been told by a doctor that you have diabetes?";"Yes";"BRFSS";"%";"Crude Prevalence";"11.5";"";"";"8.6";"14.4";"104";"$15,000-$24,999";"Household Income";"DIABETE2";"49";"49";"";"";"";"";"";""
"753752";"2005";"VA";"Virginia";"Chronic Health Indicators";"Diabetes";"Have you ever been told by a doctor that you have diabetes?";"Yes";"BRFSS";"%";"Crude Prevalence";"8.0";"";"";"5.4";"10.6";"64";"$25,000-$34,999";"Household Income";"DIABETE2";"49";"49";"";"";"";"";"";""
"753753";"2005";"VA";"Virginia";"Chronic Health Indicators";"Diabetes";"Have you ever been told by a doctor that you have diabetes?";"Yes";"BRFSS";"%";"Crude Prevalence";"8.9";"";"";"6.5";"11.3";"72";"$35,000-$49,999";"Household Income";"DIABETE2";"49";"49";"";"";"";"";"";""
"753754";"2005";"VA";"Virginia";"Chronic Health Indicators";"Diabetes";"Have you ever been told by a doctor that you have diabetes?";"Yes";"BRFSS";"%";"Crude Prevalence";"3.8";"";"";"2.9";"4.7";"115";"$50,000+";"Household Income";"DIABETE2";"49";"49";"";"";"";"";"";""
"756192";"2005";"WA";"Washington";"Chronic Health Indicators";"Diabetes";"Have you ever been told by a doctor that you have diabetes?";"Yes";"BRFSS";"%";"Crude Prevalence";"8.9";"";"";"7.4";"10.4";"250";"Less than $15,000";"Household Income";"DIABETE2";"50";"50";"";"";"";"";"";""
"756193";"2005";"WA";"Washington";"Chronic Health Indicators";"Diabetes";"Have you ever been told by a doctor that you have diabetes?";"Yes";"BRFSS";"%";"Crude Prevalence";"8.1";"";"";"7.0";"9.2";"415";"$15,000-$24,999";"Household Income";"DIABETE2";"50";"50";"";"";"";"";"";""
"756194";"2005";"WA";"Washington";"Chronic Health Indicators";"Diabetes";"Have you ever been told by a doctor that you have diabetes?";"Yes";"BRFSS";"%";"Crude Prevalence";"7.9";"";"";"6.8";"9.0";"295";"$25,000-$34,999";"Household Income";"DIABETE2";"50";"50";"";"";"";"";"";""
"756195";"2005";"WA";"Washington";"Chronic Health Indicators";"Diabetes";"Have you ever been told by a doctor that you have diabetes?";"Yes";"BRFSS";"%";"Crude Prevalence";"7.4";"";"";"6.3";"8.5";"329";"$35,000-$49,999";"Household Income";"DIABETE2";"50";"50";"";"";"";"";"";""
"756196";"2005";"WA";"Washington";"Chronic Health Indicators";"Diabetes";"Have you ever been told by a doctor that you have diabetes?";"Yes";"BRFSS";"%";"Crude Prevalence";"4.2";"";"";"3.7";"4.7";"379";"$50,000+";"Household Income";"DIABETE2";"50";"50";"";"";"";"";"";""
"758930";"2005";"WV";"West Virginia";"Chronic Health Indicators";"Diabetes";"Have you ever been told by a doctor that you have diabetes?";"Yes";"BRFSS";"%";"Crude Prevalence";"15.3";"";"";"12.1";"18.5";"105";"Less than $15,000";"Household Income";"DIABETE2";"51";"51";"";"";"";"";"";""
"758931";"2005";"WV";"West Virginia";"Chronic Health Indicators";"Diabetes";"Have you ever been told by a doctor that you have diabetes?";"Yes";"BRFSS";"%";"Crude Prevalence";"13.0";"";"";"10.2";"15.8";"98";"$15,000-$24,999";"Household Income";"DIABETE2";"51";"51";"";"";"";"";"";""
"758932";"2005";"WV";"West Virginia";"Chronic Health Indicators";"Diabetes";"Have you ever been told by a doctor that you have diabetes?";"Yes";"BRFSS";"%";"Crude Prevalence";"12.0";"";"";"8.8";"15.2";"58";"$25,000-$34,999";"Household Income";"DIABETE2";"51";"51";"";"";"";"";"";""
"758933";"2005";"WV";"West Virginia";"Chronic Health Indicators";"Diabetes";"Have you ever been told by a doctor that you have diabetes?";"Yes";"BRFSS";"%";"Crude Prevalence";"9.0";"";"";"6.3";"11.7";"47";"$35,000-$49,999";"Household Income";"DIABETE2";"51";"51";"";"";"";"";"";""
"758934";"2005";"WV";"West Virginia";"Chronic Health Indicators";"Diabetes";"Have you ever been told by a doctor that you have diabetes?";"Yes";"BRFSS";"%";"Crude Prevalence";"5.7";"";"";"4.1";"7.3";"54";"$50,000+";"Household Income";"DIABETE2";"51";"51";"";"";"";"";"";""
"760730";"2005";"WI";"Wisconsin";"Chronic Health Indicators";"Diabetes";"Have you ever been told by a doctor that you have diabetes?";"Yes";"BRFSS";"%";"Crude Prevalence";"9.4";"";"";"6.0";"12.8";"48";"Less than $15,000";"Household Income";"DIABETE2";"52";"52";"";"";"";"";"";""
"760731";"2005";"WI";"Wisconsin";"Chronic Health Indicators";"Diabetes";"Have you ever been told by a doctor that you have diabetes?";"Yes";"BRFSS";"%";"Crude Prevalence";"10.0";"";"";"7.8";"12.2";"114";"$15,000-$24,999";"Household Income";"DIABETE2";"52";"52";"";"";"";"";"";""
"760732";"2005";"WI";"Wisconsin";"Chronic Health Indicators";"Diabetes";"Have you ever been told by a doctor that you have diabetes?";"Yes";"BRFSS";"%";"Crude Prevalence";"7.5";"";"";"5.6";"9.4";"76";"$25,000-$34,999";"Household Income";"DIABETE2";"52";"52";"";"";"";"";"";""
"760733";"2005";"WI";"Wisconsin";"Chronic Health Indicators";"Diabetes";"Have you ever been told by a doctor that you have diabetes?";"Yes";"BRFSS";"%";"Crude Prevalence";"7.1";"";"";"4.7";"9.5";"59";"$35,000-$49,999";"Household Income";"DIABETE2";"52";"52";"";"";"";"";"";""
"760734";"2005";"WI";"Wisconsin";"Chronic Health Indicators";"Diabetes";"Have you ever been told by a doctor that you have diabetes?";"Yes";"BRFSS";"%";"Crude Prevalence";"3.7";"";"";"2.7";"4.7";"71";"$50,000+";"Household Income";"DIABETE2";"52";"52";"";"";"";"";"";""
"763480";"2005";"WY";"Wyoming";"Chronic Health Indicators";"Diabetes";"Have you ever been told by a doctor that you have diabetes?";"Yes";"BRFSS";"%";"Crude Prevalence";"8.8";"";"";"6.1";"11.5";"49";"Less than $15,000";"Household Income";"DIABETE2";"53";"53";"";"";"";"";"";""
"763481";"2005";"WY";"Wyoming";"Chronic Health Indicators";"Diabetes";"Have you ever been told by a doctor that you have diabetes?";"Yes";"BRFSS";"%";"Crude Prevalence";"9.5";"";"";"7.2";"11.8";"85";"$15,000-$24,999";"Household Income";"DIABETE2";"53";"53";"";"";"";"";"";""
"763482";"2005";"WY";"Wyoming";"Chronic Health Indicators";"Diabetes";"Have you ever been told by a doctor that you have diabetes?";"Yes";"BRFSS";"%";"Crude Prevalence";"7.2";"";"";"4.8";"9.6";"49";"$25,000-$34,999";"Household Income";"DIABETE2";"53";"53";"";"";"";"";"";""
"763483";"2005";"WY";"Wyoming";"Chronic Health Indicators";"Diabetes";"Have you ever been told by a doctor that you have diabetes?";"Yes";"BRFSS";"%";"Crude Prevalence";"5.3";"";"";"3.8";"6.8";"51";"$35,000-$49,999";"Household Income";"DIABETE2";"53";"53";"";"";"";"";"";""
"763484";"2005";"WY";"Wyoming";"Chronic Health Indicators";"Diabetes";"Have you ever been told by a doctor that you have diabetes?";"Yes";"BRFSS";"%";"Crude Prevalence";"4.7";"";"";"3.7";"5.7";"90";"$50,000+";"Household Income";"DIABETE2";"53";"53";"";"";"";"";"";""
"732246";"2005";"PR";"Puerto Rico";"Chronic Health Indicators";"Diabetes";"Have you ever been told by a doctor that you have diabetes?";"Yes";"BRFSS";"%";"Crude Prevalence";"18.6";"";"";"16.5";"20.7";"398";"Less than $15,000";"Household Income";"DIABETE2";"60";"60";"";"";"";"";"";""
"732247";"2005";"PR";"Puerto Rico";"Chronic Health Indicators";"Diabetes";"Have you ever been told by a doctor that you have diabetes?";"Yes";"BRFSS";"%";"Crude Prevalence";"11.0";"";"";"8.6";"13.4";"113";"$15,000-$24,999";"Household Income";"DIABETE2";"60";"60";"";"";"";"";"";""
"732248";"2005";"PR";"Puerto Rico";"Chronic Health Indicators";"Diabetes";"Have you ever been told by a doctor that you have diabetes?";"Yes";"BRFSS";"%";"Crude Prevalence";"6.8";"";"";"3.7";"9.9";"28";"$25,000-$34,999";"Household Income";"DIABETE2";"60";"60";"";"";"";"";"";""
"732249";"2005";"PR";"Puerto Rico";"Chronic Health Indicators";"Diabetes";"Have you ever been told by a doctor that you have diabetes?";"Yes";"BRFSS";"%";"Crude Prevalence";"6.2";"";"";"3.2";"9.2";"21";"$35,000-$49,999";"Household Income";"DIABETE2";"60";"60";"";"";"";"";"";""
"732250";"2005";"PR";"Puerto Rico";"Chronic Health Indicators";"Diabetes";"Have you ever been told by a doctor that you have diabetes?";"Yes";"BRFSS";"%";"Crude Prevalence";"5.7";"";"";"2.2";"9.2";"12";"$50,000+";"Household Income";"DIABETE2";"60";"60";"";"";"";"";"";""
"751295";"2005";"VI";"Virgin Islands";"Chronic Health Indicators";"Diabetes";"Have you ever been told by a doctor that you have diabetes?";"Yes";"BRFSS";"%";"Crude Prevalence";"13.8";"";"";"8.7";"18.9";"38";"Less than $15,000";"Household Income";"DIABETE2";"62";"62";"";"";"";"";"";""
"751296";"2005";"VI";"Virgin Islands";"Chronic Health Indicators";"Diabetes";"Have you ever been told by a doctor that you have diabetes?";"Yes";"BRFSS";"%";"Crude Prevalence";"10.7";"";"";"7.2";"14.2";"42";"$15,000-$24,999";"Household Income";"DIABETE2";"62";"62";"";"";"";"";"";""
"751297";"2005";"VI";"Virgin Islands";"Chronic Health Indicators";"Diabetes";"Have you ever been told by a doctor that you have diabetes?";"Yes";"BRFSS";"%";"Crude Prevalence";"9.0";"";"";"5.5";"12.5";"36";"$25,000-$34,999";"Household Income";"DIABETE2";"62";"62";"";"";"";"";"";""
"751298";"2005";"VI";"Virgin Islands";"Chronic Health Indicators";"Diabetes";"Have you ever been told by a doctor that you have diabetes?";"Yes";"BRFSS";"%";"Crude Prevalence";"6.9";"";"";"4.3";"9.5";"37";"$35,000-$49,999";"Household Income";"DIABETE2";"62";"62";"";"";"";"";"";""
"751299";"2005";"VI";"Virgin Islands";"Chronic Health Indicators";"Diabetes";"Have you ever been told by a doctor that you have diabetes?";"Yes";"BRFSS";"%";"Crude Prevalence";"4.4";"";"";"2.6";"6.2";"28";"$50,000+";"Household Income";"DIABETE2";"62";"62";"";"";"";"";"";""
"";"";"";"";"";"";"";"";"";"";"";"";"";"";"";"";"";"";"";"";"";"";"Datasource";"";"Behavioral Risk Factor Surveillance System";"http://www.cdc.gov/brfss";"BRFSS";"CDC"
"";"";"";"";"";"";"";"";"";"";"";"";"";"";"";"";"";"";"";"";"";"";"MeasureDefinitions";"%";"Percent";"";"";""
"";"";"";"";"";"";"";"";"";"";"";"";"";"";"";"";"";"";"";"";"";"";"MeasureDefinitions";"CI";"95% Confidence Interval";"";"";""
"";"";"";"";"";"";"";"";"";"";"";"";"";"";"";"";"";"";"";"";"";"";"MeasureDefinitions";"n";"“Sample Size”. Translates to the number of adult respondents who answered this question, or were assigned to this category based on question responses for a calculated variable, or the number of states included for a median.";"";"";""
"";"";"";"";"";"";"";"";"";"";"";"";"";"";"";"";"";"";"";"";"";"";"MeasureDefinitions";"N/A";"Translates to no data available for a record.";"";"";""
"";"";"";"";"";"";"";"";"";"";"";"";"";"";"";"";"";"";"";"";"";"";"MeasureDefinitions";"No Data";"Translates to no data available for record.";"";"";""
"";"";"";"";"";"";"";"";"";"";"";"";"";"";"";"";"";"";"";"";"";"";"SuggestedCitation";"";"Centers for Disease Control and Prevention, National Center for Chronic Disease Prevention and Health Promotion, Division of Population Health. BRFSS Prevalence & Trends Data [online]. 2015.";"https://www.cdc.gov/brfss/brfssprevalence/";"";""
"";"";"";"";"";"";"";"";"";"";"";"";"";"";"";"";"";"";"";"";"";"";"RelatedLinks";"";"Prevalence Data and Data Analysis Tools";"/brfss/data_tools.htm";"";""
"";"";"";"";"";"";"";"";"";"";"";"";"";"";"";"";"";"";"";"";"";"";"RelatedLinks";"";"Behavioral Risk Factor Surveillance System (BRFSS)";"/brfss/index.html";"";""
"";"";"";"";"";"";"";"";"";"";"";"";"";"";"";"";"";"";"";"";"";"";"RelatedLinks";"";"Division of Population Health";"/nccdphp/dph/index.html";"";""
"";"";"";"";"";"";"";"";"";"";"";"";"";"";"";"";"";"";"";"";"";"";"RelatedLinks";"";"Survey Data & Documentation";"/brfss/data_documentation/index.htm";"";""
